{
	"train": {
		"loss": [
			0.6269931031537448,
			0.3998044823488762,
			0.3306528266784914,
			0.2928341828708893,
			0.2672380010650188,
			0.24800085852525353,
			0.22538126043471385,
			0.21267574834867195,
			0.20497970317083478,
			0.19189376965628246,
			0.18193784076209696,
			0.17293015824566157,
			0.16557417410873626,
			0.15937919074318743,
			0.15296707150459943,
			0.14711571046895258,
			0.14169749875009824,
			0.1363516584706154,
			0.13201117759376382,
			0.1284912090639582,
			0.1254955736589933,
			0.12329537606707874,
			0.11867312774729576,
			0.11488201957488844,
			0.11236910758645595,
			0.10944590660346709,
			0.10847014874744296,
			0.10580778973589104,
			0.10428610528177383,
			0.10223562271424469,
			0.1008165153169109,
			0.09880879233970938,
			0.09763921324463333,
			0.09571323830675219,
			0.09542723334780885,
			0.0933313758539843,
			0.09242382871031325,
			0.09190760947375727,
			0.0906160137508834,
			0.08972830322981426,
			0.08861566054544512,
			0.08836479511254994,
			0.08623584482301251,
			0.08589676906690137,
			0.0861623486933014,
			0.08493786084191564,
			0.082590165639967,
			0.0811961658751861,
			0.08098018757651612,
			0.0800266022942075,
			0.07925508197284623,
			0.07996411890411236,
			0.07765916139874914,
			0.07671185953532375,
			0.07593330879179826,
			0.07481360867265374,
			0.07398244397718139,
			0.07465331433545219,
			0.0764402884026305,
			0.07600145534249585,
			0.07362894054546516,
			0.07178273776093229,
			0.07126054478897773,
			0.07056721855700697,
			0.07061341780082916,
			0.07102165711955108,
			0.0693971670753709,
			0.06895090584001305,
			0.06765921334557276,
			0.06700485324745885,
			0.06660525860448778,
			0.06627891882675167,
			0.06602616569493817,
			0.06623171550226849,
			0.06539664723888257,
			0.06491397831919288,
			0.0644781667495681,
			0.06372426398408342,
			0.0633997845325544,
			0.06317073499896245,
			0.06276957083653516,
			0.06253271767617608,
			0.062271273715363666,
			0.06228529566037426,
			0.06195212996580129,
			0.06188599623303854,
			0.0615887760492876,
			0.061278647246006096,
			0.0611710633105263,
			0.0611335971508468,
			0.061019217597160634,
			0.06092725614582953
		],
		"acc": [
			0.8291247714808044,
			0.886525936928702,
			0.9127056672760512,
			0.9247029250457038,
			0.9315727833638026,
			0.9352433729433273,
			0.9379284734917733,
			0.939099634369287,
			0.9418989945155393,
			0.9454553244972578,
			0.9480547303473492,
			0.9507969606946983,
			0.9532249771480804,
			0.9550388482632541,
			0.9572383455210237,
			0.9589808043875686,
			0.9608803702010968,
			0.9624942870201096,
			0.9643652879341865,
			0.9653222120658135,
			0.9657792504570384,
			0.9667790219378428,
			0.9681072897623401,
			0.9689785191956124,
			0.9696783592321755,
			0.970221092321755,
			0.9705495886654479,
			0.9715493601462523,
			0.9721063756855576,
			0.9726205438756855,
			0.9728776279707495,
			0.9735203382084096,
			0.9736488802559415,
			0.9745201096892139,
			0.9746200868372943,
			0.9749771480804388,
			0.9753627742230347,
			0.9755055987202925,
			0.9758769424131627,
			0.9760197669104205,
			0.9763339808043876,
			0.9761625914076782,
			0.976948126142596,
			0.9772052102376599,
			0.9769338436928702,
			0.9771195155393053,
			0.9779621800731262,
			0.978290676416819,
			0.977905050274223,
			0.978419218464351,
			0.9787334323583181,
			0.978290676416819,
			0.9792190356489945,
			0.9794761197440585,
			0.979704638939671,
			0.9799045932358318,
			0.9801188299817185,
			0.9799902879341865,
			0.9791476234003657,
			0.9795189670932358,
			0.9799760054844607,
			0.9808472349177331,
			0.9810900365630713,
			0.9811186014625228,
			0.9808757998171846,
			0.9810614716636198,
			0.9811614488117002,
			0.9817041819012797,
			0.9818612888482633,
			0.9821755027422303,
			0.9822754798903108,
			0.982261197440585,
			0.9822326325411335,
			0.9822326325411335,
			0.9824183043875686,
			0.9828610603290676,
			0.9827182358318098,
			0.982832495429616,
			0.982961037477148,
			0.9829896023765996,
			0.9831895566727605,
			0.9832752513711152,
			0.9832895338208409,
			0.9832324040219378,
			0.9832752513711152,
			0.9834466407678245,
			0.9835751828153565,
			0.9835180530164533,
			0.9835751828153565,
			0.9836180301645339,
			0.9836323126142597,
			0.9835466179159049
		]
	},
	"valid": {
		"loss": [
			0.47561731320970196,
			0.3429113882867729,
			0.3039134533747154,
			0.2813835841439226,
			0.25745878253570376,
			0.23591375635827289,
			0.2207775493426358,
			0.2140025571536492,
			0.21244055098470518,
			0.18625134583014777,
			0.18475249256281293,
			0.1705249831737841,
			0.1615182062446633,
			0.16184677495895064,
			0.1546775425565155,
			0.1464098573607557,
			0.14019264924504302,
			0.14060579560806646,
			0.13356355410617063,
			0.13139434377936757,
			0.12655586535658905,
			0.12749432854573517,
			0.12292613273979548,
			0.12357191627790384,
			0.11831366762464099,
			0.11784241026650895,
			0.11703730562208768,
			0.11696751815650393,
			0.1136780027026201,
			0.11683770725229646,
			0.112828615190023,
			0.11243356320568744,
			0.11014238410793684,
			0.10782259327414281,
			0.10860332950730534,
			0.10696835604989353,
			0.10655929411158842,
			0.10407350413665614,
			0.10397204743040835,
			0.10487575004534687,
			0.10396181968698169,
			0.10054383054375648,
			0.10188591481624719,
			0.1033055825460264,
			0.1005672821227242,
			0.10267181820510064,
			0.09988230472321019,
			0.09964582932126873,
			0.09971522437134649,
			0.09857264150153189,
			0.09828906066660933,
			0.09745005845530506,
			0.09910823703360032,
			0.09510084553210832,
			0.0962701504913104,
			0.09689651165321908,
			0.09554178077344071,
			0.09578449217438259,
			0.10935269273571013,
			0.09443202133372645,
			0.0926088863189387,
			0.09366262439802728,
			0.09459964916630484,
			0.0955784468952676,
			0.09334330599727657,
			0.09489517734961256,
			0.09337441604721415,
			0.09331569922677077,
			0.09343894314267398,
			0.09309225052129477,
			0.09362643125110909,
			0.0924505051019985,
			0.0925818747457336,
			0.0928587153321132,
			0.09219236713012352,
			0.09467156469027567,
			0.09258644649183706,
			0.09270428970921785,
			0.0922805494560367,
			0.09233551449827193,
			0.0921690602964886,
			0.09222054610932794,
			0.09261994437068044,
			0.09282275426256306,
			0.0922356867505347,
			0.09267424889292349,
			0.09250228306935991,
			0.09244292794370695,
			0.09224273877300541,
			0.09253373514751301,
			0.09249265320078634,
			0.09233119301771854
		],