{
	"train": {
		"loss": [
			0.7017802067060139,
			0.6410510438669752,
			0.6341450236179275,
			0.6326524355402813,
			0.5965023191690009,
			0.5357933818095345,
			0.5194416255902983,
			0.501987265385483,
			0.48441554821169575,
			0.4628282866050818,
			0.44578559399740786,
			0.45853380534722993,
			0.480353965429109,
			0.4297022640269243,
			0.4056681684427767,
			0.3950358446707891,
			0.3690962800432603,
			0.3749914222977497,
			0.3704863548333292,
			0.39743470088655375,
			0.4688566171273017,
			0.43679767274987324,
			0.4173511672063545,
			0.3807252623426849,
			0.35522261624253426,
			0.4651330587142564,
			0.5285264245988682,
			0.5034678498286433,
			0.4811857879379768,
			0.436594401596887,
			0.4074902330445197,
			0.39057310658355515,
			0.38359205675408437,
			0.3660049859904284,
			0.3339958036730451,
			0.3271448991143943,
			0.3241954845881985,
			0.2952085067083892,
			0.2871304656186531,
			0.27864255463292437,
			0.2828866171989406,
			0.2588640661464095,
			0.25958575978466536,
			0.2563469564674977,
			0.26445416969943525,
			0.2633746917030929,
			0.26449666714374065,
			0.2484520899857202,
			0.24207037533386533,
			0.2601680139682411,
			0.23925712050859846,
			0.23409854573022296,
			0.21996702211594016,
			0.21426796158554348,
			0.21079578721926462,
			0.21315365416803134,
			0.2142200208587446,
			0.21069279738056595,
			0.20749670816023563,
			0.19931697363282472,
			0.1947370462623549,
			0.1981530338798188,
			0.21160202931061087,
			0.20169766796190952,
			0.190839612614738,
			0.18599049806921747,
			0.18727129584746996,
			0.18254342194394613,
			0.1822734531934562,
			0.1794499967049746,
			0.17903558963695218,
			0.1774964120232209,
			0.1742888674739292,
			0.1732943649906018,
			0.17268274949907822,
			0.17044561852784434,
			0.16953338893092965,
			0.170035108753652,
			0.16909177510759077,
			0.16803540453532714,
			0.16710829730716004,
			0.1665516597792588,
			0.1655556074253384,
			0.16390542545010228,
			0.16317618149971178,
			0.1624644048089737,
			0.16212532960791037,
			0.16220074059131812,
			0.16111902935495107,
			0.1605904270406179,
			0.16021920331980236,
			0.15987714238369485,
			0.1613177232975498,
			0.15949410817141507,
			0.15896118250445648,
			0.15878385752167082,
			0.15879545710177265,
			0.15881715684965717,
			0.1584005319058786,
			0.15826538237836724
		],
		"acc": [
			0.8018167276051188,
			0.8284392138939671,
			0.8282392595978062,
			0.8276393967093236,
			0.8271537934186471,
			0.8269681215722121,
			0.8309672074954296,
			0.8357803930530164,
			0.8491344835466179,
			0.8611317413162706,
			0.8662591407678245,
			0.8633026736745887,
			0.8534763482632541,
			0.8786563071297989,
			0.8827982175502742,
			0.8853976234003657,
			0.8891681901279708,
			0.8898965950639853,
			0.8910391910420475,
			0.8842407449725777,
			0.8684157906764168,
			0.8750285648994516,
			0.8752713665447898,
			0.8842407449725777,
			0.8884112202925045,
			0.8679587522851919,
			0.828639168190128,
			0.8370372486288848,
			0.8491202010968921,
			0.8743001599634369,
			0.8876685329067642,
			0.8912677102376599,
			0.8914248171846435,
			0.8947954753199269,
			0.9062642824497258,
			0.9074782906764168,
			0.9087351462522852,
			0.9189613802559415,
			0.920403907678245,
			0.9226034049360147,
			0.9236745886654479,
			0.9287020109689214,
			0.9296589351005484,
			0.9276736745886655,
			0.9272594835466179,
			0.9288019881170019,
			0.9276593921389397,
			0.9306444241316271,
			0.9322869058500914,
			0.9255598720292505,
			0.9342578839122486,
			0.9355290219378428,
			0.9386711608775137,
			0.9407563985374772,
			0.9411563071297989,
			0.9406278564899452,
			0.9407992458866545,
			0.9406707038391224,
			0.9418704296160878,
			0.9443270109689214,
			0.9451982404021938,
			0.9447269195612431,
			0.9400422760511883,
			0.9423988802559415,
			0.9461694469835467,
			0.9479833180987203,
			0.9476405393053017,
			0.9490830667276051,
			0.9490687842778793,
			0.9497400594149908,
			0.9493544332723949,
			0.9495829524680073,
			0.9504541819012797,
			0.9506112888482633,
			0.9514968007312614,
			0.9514968007312614,
			0.9521966407678245,
			0.9516681901279708,
			0.9516110603290676,
			0.9519681215722121,
			0.9519538391224863,
			0.9522109232175503,
			0.9521823583180987,
			0.9529821755027422,
			0.9530821526508226,
			0.9533392367458866,
			0.9533678016453382,
			0.9534392138939671,
			0.9540105118829981,
			0.9540390767824497,
			0.9541676188299817,
			0.9542818784277879,
			0.9538676873857403,
			0.9542104661791591,
			0.9544389853747715,
			0.9545532449725777,
			0.9544532678244972,
			0.9545246800731262,
			0.9546817870201096,
			0.954724634369287
		]
	},
	"valid": {
		"loss": [
			0.6488456305335549,
			0.6400156831916641,
			0.6325509651180576,
			0.6305673411663841,
			0.5298671672011123,
			0.5281043065821424,
			0.49729398396961827,
			0.5027601333225474,
			0.47075900720322833,
			0.4533093052313608,
			0.4119581606458215,
			0.4768108254408135,
			0.45762006522101517,
			0.40562019058886695,
			0.3719671778380871,
			0.3610023740021622,
			0.3510293723905788,
			0.3833285193232929,
			0.37820010500795703,
			0.5652422396575704,
			0.4222812255954041,
			0.4354705733849722,
			0.401632793028565,
			0.3660261976149152,
			0.33602218351819935,
			0.5398487935171408,
			0.5170200900996432,
			0.4848652212497066,
			0.4437691168311764,
			0.41449825739597573,
			0.3939477698329617,
			0.3731202608083977,
			0.3646870148094261,
			0.34161265150589104,
			0.31994364509249434,
			0.3073583932264763,
			0.2918166659553261,
			0.28366290323217125,
			0.26798089270425196,
			0.3611822458093657,
			0.27094530319685445,
			0.24507585091187672,
			0.24703797451494372,
			0.24586011935025454,
			0.2709541991353035,
			0.2565463430741254,
			0.2616522227797438,
			0.2436245221315938,
			0.26089415562284346,
			0.25837767217308283,
			0.22686467467642882,
			0.22562236371724045,
			0.22564086049576015,
			0.21503456188913653,
			0.21404987442142823,
			0.20917746939641588,
			0.21967584497350104,
			0.22199330232380068,
			0.20225334901581793,
			0.19530338815906467,
			0.1981065270545728,
			0.19892579437616995,
			0.22052037595387766,
			0.19817197070840528,
			0.1958424371174153,
			0.19087670710595214,
			0.18836405818514965,
			0.18667471239014582,
			0.18823825332390912,
			0.18787216471836848,
			0.18481242936104536,
			0.18138839846805616,
			0.18517687204567826,
			0.18272491927970858,
			0.18078168821247184,
			0.18165633531616016,
			0.17823538008858175,
			0.17928689351195798,
			0.17736886540318236,
			0.17570042478687622,
			0.17806327293681748,
			0.1755349678261315,
			0.17278270812376456,
			0.17282749422113686,
			0.17165472840561585,
			0.17096172130721457,
			0.17098285296164892,
			0.16952040851773584,
			0.16988601091810884,
			0.169757559457246,
			0.16947752648197553,
			0.1693688924972187,
			0.17027538247844753,
			0.16955404591691844,
			0.1692547886632383,
			0.1693831183399786,
			0.1691244729411076,
			0.16875269902212656,
			0.16916686318376484,
			0.16892636926187313
		],