{
	"train": {
		"loss": [
			0.6777839525526141,
			0.6491714081228106,
			0.6507759218460027,
			0.6489392679722698,
			0.6468755797341711,
			0.6466743162606708,
			0.6184974572122424,
			0.6090212760721307,
			0.613979893149144,
			0.6183863672303543,
			0.6316887353303445,
			0.6312173812001454,
			0.6329295619423254,
			0.6297292441293134,
			0.6156131910122726,
			0.6180808777891957,
			0.6259393871266402,
			0.6266133439279343,
			0.5993488590067876,
			0.6067960923180066,
			0.6172118104136186,
			0.6664127332636818,
			0.6518793720105013,
			0.6467982285419374,
			0.6457126678343883,
			0.6465191321900383,
			0.64488207705496,
			0.6457975375477967,
			0.6507161340831185
		],
		"acc": [
			0.8199697212065814,
			0.828125,
			0.8281535648994516,
			0.8281392824497258,
			0.8279536106032906,
			0.827867915904936,
			0.8279678930530164,
			0.8280678702010968,
			0.8281535648994516,
			0.8283535191956124,
			0.8281535648994516,
			0.8283535191956124,
			0.8283106718464351,
			0.8283392367458866,
			0.8283249542961609,
			0.8284392138939671,
			0.8288105575868373,
			0.8290247943327239,
			0.8290533592321755,
			0.827996457952468,
			0.8276251142595978,
			0.8216407678244972,
			0.827739373857404,
			0.827739373857404,
			0.827739373857404,
			0.8277108089579525,
			0.827739373857404,
			0.8277965036563071,
			0.8278107861060329
		]
	},
	"valid": {
		"loss": [
			0.6528557499541956,
			0.6503563455360777,
			0.6524712829028859,
			0.6504849348874653,
			0.6461683829479358,
			0.6460824153002571,
			0.6086662370054161,
			0.6139601263053277,
			0.6178231478175696,
			0.6210354123921955,
			0.6327378848458037,
			0.6285845714018625,
			0.6465836649431902,
			0.6138956704560448,
			0.6160780710770803,
			0.6211209630264956,
			0.6337594541118425,
			0.597837604363175,
			0.5999605276567095,
			0.615583543172654,
			0.6052437926478246,
			0.6458805253838792,
			0.6483576700967901,
			0.6476780741530306,
			0.6447469412403948,
			0.6467370517990169,
			0.6503822523004869,
			0.6448907188194639,
			0.6509384725461987
		],
		"acc": [
			0.8280101102941176,
			0.8278952205882353,
			0.8272633272058824,
			0.8282398897058824,
			0.8279526654411765,
			0.8280675551470589,
			0.8280101102941176,
			0.8282398897058824,
			0.8284122242647058,
			0.8286994485294118,
			0.8280675551470589,
			0.8283547794117647,
			0.8285845588235294,
			0.8283547794117647,
			0.8274356617647058,
			0.828125,
			0.8282973345588235,
			0.8288143382352942,
			0.8286420036764706,
			0.8268612132352942,
			0.8270335477941176,
			0.8277803308823529,
			0.8277803308823529,
			0.8277803308823529,
			0.8277803308823529,
			0.8276654411764706,
			0.8277803308823529,
			0.8277803308823529,
			0.8274356617647058
		]
	}
}